No,Country,Instrument (name only),Source to read,1_Stack_layer,2_Delivery_mechanism,3_Formal_threshold_as_stated,4_New_firm_accommodation (Yes/No/Not applicable/Not scale-based),5_Recurring_compliance_burden,Page/article cited,Uncertain? (Y/N),Coder notes
1,Thailand,"Activity 8.1.1 (software, digital platform and digital-content development)",BOI Investment Promotion Guide 2026,,,,,,,,
2,Thailand,Activity 10.2 (research and development),BOI Investment Promotion Guide 2026,,,,,,,,
3,Thailand,Competitiveness-enhancement measure (extension of the exemption),BOI Investment Promotion Guide 2026; BOI Announcement 10/2565,,,,,,,,
4,Thailand,Activity 8.2.4.1 (GPU-based data hosting) and 8.2.4.2,BOI Investment Promotion Guide 2026,,,,,,,,
5,Thailand,Activity 10.1.1 (Trade and Investment Support Office),BOI Investment Promotion Guide 2026,,,,,,,,
6,Thailand,Activity 10.11.1 (distribution centres with smart systems),BOI Investment Promotion Guide 2026,,,,,,,,
7,Vietnam,Research-centre track (Article 8),Decree 260/2026/ND-CP,,,,,,,,
8,Vietnam,Startup track (Article 11),Decree 260/2026/ND-CP,,,,,,,,
9,Vietnam,National Venture Capital Fund priority consideration,Decree 260/2026/ND-CP,,,,,,,,
10,Vietnam,"Strategic technology products, Group 1: Vietnamese-language LLMs, virtual assistants, specialised AI","Decision 21/2026/QD-TTg, Annex II",,,,,,,,
11,Vietnam,"Strategic technology products, Group 1: cloud-computing platforms","Decision 21/2026/QD-TTg, Annex II",,,,,,,,
12,Vietnam,"Strategic technology products, Group 1: edge-processing AI cameras and digital-twin platforms","Decision 21/2026/QD-TTg, Annex II",,,,,,,,
13,Vietnam,"Strategic technology products, Group 2: specialised chips","Decision 21/2026/QD-TTg, Annex II",,,,,,,,
14,Malaysia,Malaysia Digital New Investment Incentive,MDEC guideline (revised July 2025),,,,,,,,
15,Malaysia,DESAC capitalisation floor,MIDA DESAC guideline (Dec 2024),,,,,,,,
16,Malaysia,DESAC ten-year option,MIDA DESAC guideline (Dec 2024),,,,,,,,
17,Malaysia,DESAC workforce conditions,MIDA DESAC guideline (Dec 2024),,,,,,,,
18,Philippines,Standard registration under CREATE MORE,RA 12066 and its implementing rules,,,,,,,,
19,Philippines,Firm-scale boundary and high-value domestic market enterprise,RA 12066 and its implementing rules,,,,,,,,
20,Philippines,Highly desirable project (Section 301),RA 12066 and its implementing rules,,,,,,,,
21,Thailand,Activity 8.2.2 (cloud services),BOI Investment Promotion Guide 2026,,,,,,,,
22,Thailand,Activity 8.2.1 (data centres),BOI Investment Promotion Guide 2026; Announcement Sor. 9/2568,,,,,,,,
23,Malaysia,Data-centre categories in the sustainable-development guideline,MITI guideline (Dec 2024),,,,,,,,
24,Vietnam,"Technology-infrastructure support (Articles 3, 4(6), 5(6))",Decree 260/2026/ND-CP,,,,,,,,
25,Vietnam,Strategic-technology enterprise criteria (Article 16),Decree 260/2026/ND-CP,,,,,,,,
26,Vietnam,High-technology enterprise ratios (Articles 14 and 15),Decree 260/2026/ND-CP,,,,,,,,
27,Philippines,"2026 Plan: software and SaaS, hyperscalers (IT-enabled services)",Memorandum Order 47 of 21 May 2026 (2026 SIPP),,,,,,,,
28,Philippines,2026 Plan: artificial intelligence and data science,Memorandum Order 47 of 21 May 2026 (2026 SIPP),,,,,,,,
29,Philippines,2026 Plan: data centres (grid-reliant and own-power),Memorandum Order 47 of 21 May 2026 (2026 SIPP),,,,,,,,
